{"loss": [0.33208125829696655, 0.10932859033346176, 0.0795995220541954, 0.06632472574710846, 0.05848507955670357, 0.0523371659219265, 0.0469016507267952, 0.04406093433499336, 0.038878511637449265, 0.039165470749139786], "sparse_categorical_accuracy": [0.8923500180244446, 0.9656500220298767, 0.975350022315979, 0.978866696357727, 0.9815333485603333, 0.9837666749954224, 0.9854000210762024, 0.986299991607666, 0.987766683101654, 0.9879500269889832]}