{"loss": [0.44525569677352905, 0.11830002069473267, 0.08658004552125931, 0.07375600934028625, 0.06502089649438858, 0.057794973254203796, 0.04944014921784401, 0.04704475402832031, 0.04504977539181709, 0.04263797402381897, 0.03896745666861534, 0.035684600472450256, 0.03500910475850105, 0.03355874493718147, 0.03227463737130165], "sparse_categorical_accuracy": [0.8498541712760925, 0.9632083177566528, 0.973479151725769, 0.9772499799728394, 0.9799583554267883, 0.9816041588783264, 0.9848124980926514, 0.9851666688919067, 0.9861458539962769, 0.9866666793823242, 0.9879375100135803, 0.9888333082199097, 0.9886875152587891, 0.9894375205039978, 0.9894583225250244], "val_loss": [0.08450674265623093, 0.05558719485998154, 0.04700169712305069, 0.0424264520406723, 0.039083704352378845, 0.04043019190430641, 0.03618267923593521, 0.036470286548137665, 0.031586360186338425, 0.028189845383167267, 0.037433475255966187, 0.030941255390644073, 0.0262601375579834, 0.030611852183938026, 0.030003534629940987], "val_sparse_categorical_accuracy": [0.9723333120346069, 0.9825000166893005, 0.9854999780654907, 0.987333357334137, 0.9890000224113464, 0.987500011920929, 0.9899166822433472, 0.9892500042915344, 0.9915833473205566, 0.9919166564941406, 0.9899166822433472, 0.9916666746139526, 0.9934166669845581, 0.9919999837875366, 0.9921666383743286]}