{"loss": [0.6497252583503723, 0.21708156168460846, 0.1611974835395813, 0.14030109345912933, 0.11947061121463776, 0.10785958915948868, 0.1006256639957428, 0.0946417897939682, 0.08656179904937744, 0.07765606045722961, 0.07738769054412842, 0.07246585190296173, 0.0666181668639183, 0.062432076781988144, 0.060196489095687866, 0.05637872964143753, 0.05902738496661186, 0.048834122717380524, 0.04915013164281845, 0.04747014492750168, 0.047365594655275345, 0.04545675590634346, 0.03932308033108711, 0.04076637700200081, 0.040367491543293, 0.03999708965420723, 0.03548640012741089, 0.0351346954703331, 0.03123847208917141, 0.03167136758565903, 0.03342964127659798, 0.028693221509456635, 0.03207171708345413, 0.027031097561120987, 0.029610097408294678, 0.02724083885550499, 0.02615532837808132, 0.025874409824609756, 0.022640753537416458, 0.024614589288830757, 0.022657150402665138, 0.023451602086424828, 0.022701628506183624, 0.021100880578160286, 0.023542555049061775, 0.018055157735943794, 0.02277105674147606, 0.020892275497317314, 0.018073227256536484, 0.0176553875207901, 0.018672237172722816, 0.01863907463848591, 0.01503643486648798, 0.017573846504092216, 0.018405472859740257, 0.013089502230286598, 0.015568661503493786, 0.015852296724915504, 0.016237344592809677, 0.01673775725066662, 0.015117455273866653, 0.013937502168118954, 0.016011890023946762, 0.014496698044240475, 0.01394959818571806, 0.011884912848472595, 0.014657578431069851, 0.01367106568068266, 0.013018813915550709, 0.013411164283752441], "sparse_categorical_accuracy": [0.7787500023841858, 0.9317833185195923, 0.9488833546638489, 0.9553999900817871, 0.9621666669845581, 0.9656333327293396, 0.9677666425704956, 0.9694833159446716, 0.9721999764442444, 0.9749500155448914, 0.9748666882514954, 0.9764333367347717, 0.9780166745185852, 0.979366660118103, 0.9804999828338623, 0.9817833304405212, 0.9803666472434998, 0.9837999939918518, 0.984000027179718, 0.9845333099365234, 0.9839500188827515, 0.9846000075340271, 0.9869333505630493, 0.98621666431427, 0.9861666560173035, 0.9862499833106995, 0.9880333542823792, 0.9880833625793457, 0.989133358001709, 0.9898166656494141, 0.9889500141143799, 0.990149974822998, 0.9895833134651184, 0.991016685962677, 0.9904999732971191, 0.9907500147819519, 0.9911999702453613, 0.9910833239555359, 0.9921833276748657, 0.9914000034332275, 0.9919833540916443, 0.9919000267982483, 0.9920666813850403, 0.992816686630249, 0.9920499920845032, 0.9937833547592163, 0.9918333292007446, 0.9927833080291748, 0.9937166571617126, 0.9939000010490417, 0.9934333562850952, 0.9938333630561829, 0.994533360004425, 0.9941666722297668, 0.9934499859809875, 0.9955166578292847, 0.9949166774749756, 0.994866669178009, 0.9943166375160217, 0.9940666556358337, 0.9947999715805054, 0.9951666593551636, 0.9944499731063843, 0.9951000213623047, 0.9951666593551636, 0.9961000084877014, 0.9949666857719421, 0.9951000213623047, 0.9955000281333923, 0.9953500032424927]}