{"loss": [0.7217820882797241, 0.23224596679210663, 0.15697942674160004, 0.12509024143218994, 0.11331970244646072, 0.10178759694099426, 0.08432281017303467, 0.0826069787144661, 0.07292898744344711, 0.06948579102754593, 0.06833261251449585, 0.06063127517700195, 0.05831284448504448, 0.06021412834525108, 0.049601808190345764, 0.05236370861530304, 0.05046912282705307, 0.04559917747974396, 0.04468440264463425, 0.04394412785768509, 0.039874568581581116, 0.04184185713529587, 0.03627206012606621, 0.03953172639012337, 0.0389343798160553, 0.03601757436990738, 0.0352264940738678, 0.03242695704102516, 0.031265102326869965, 0.027144460007548332, 0.029992863535881042, 0.027101509273052216, 0.02904120460152626, 0.0253213569521904, 0.023740587756037712, 0.03135015442967415, 0.02488918974995613, 0.02462051622569561, 0.020884886384010315, 0.01994435116648674, 0.02599400095641613, 0.02194843627512455, 0.021760037168860435, 0.01903677172958851, 0.01825656369328499, 0.01991654746234417, 0.02226608619093895, 0.015756774693727493, 0.018462106585502625, 0.017307940870523453, 0.020437294617295265, 0.02203657291829586, 0.014765871688723564, 0.017927663400769234, 0.01390413660556078, 0.015286399982869625, 0.016298800706863403, 0.017475377768278122, 0.015231961384415627, 0.01241124514490366, 0.0155332637950778, 0.0157807394862175, 0.01457060594111681, 0.013579477556049824, 0.015498924069106579, 0.011155844666063786, 0.013335015624761581, 0.015033111907541752, 0.01627371273934841, 0.01242109015583992], "sparse_categorical_accuracy": [0.7515000104904175, 0.9261249899864197, 0.9502500295639038, 0.9608749747276306, 0.9644791483879089, 0.9673333168029785, 0.9728333353996277, 0.9737708568572998, 0.9767916798591614, 0.9770208597183228, 0.9775208234786987, 0.9801041483879089, 0.9806458353996277, 0.9804375171661377, 0.9837291836738586, 0.9829583168029785, 0.9828541874885559, 0.984499990940094, 0.9852083325386047, 0.9853125214576721, 0.9867291450500488, 0.9860000014305115, 0.9877499938011169, 0.9866041541099548, 0.9867708086967468, 0.987625002861023, 0.9882916808128357, 0.988854169845581, 0.9891250133514404, 0.9912499785423279, 0.9899583458900452, 0.9910833239555359, 0.9899374842643738, 0.9915416836738586, 0.9919166564941406, 0.9888333082199097, 0.9919999837875366, 0.9918749928474426, 0.9928749799728394, 0.9929791688919067, 0.9908750057220459, 0.99239581823349, 0.9928333163261414, 0.9937291741371155, 0.9934583306312561, 0.9928749799728394, 0.9921875, 0.9943333268165588, 0.9936041831970215, 0.9937708377838135, 0.9929166436195374, 0.9923333525657654, 0.9950000047683716, 0.9938958287239075, 0.9950000047683716, 0.9950000047683716, 0.9942708611488342, 0.9936666488647461, 0.9947500228881836, 0.9957291483879089, 0.9948958158493042, 0.9947083592414856, 0.9949583411216736, 0.9953749775886536, 0.9945208430290222, 0.9963333606719971, 0.9956874847412109, 0.9949374794960022, 0.9943125247955322, 0.9955416917800903], "val_loss": [0.2295806109905243, 0.21220780909061432, 0.1299198716878891, 0.09592852741479874, 0.14216454327106476, 0.09934613108634949, 0.12161774933338165, 0.0890403613448143, 0.09161090850830078, 0.08248276263475418, 0.06873228400945663, 0.07793518900871277, 0.07196478545665741, 0.06249717250466347, 0.06694312393665314, 0.07301429659128189, 0.059105101972818375, 0.06299706548452377, 0.07330218702554703, 0.06705275923013687, 0.06637333333492279, 0.06063709035515785, 0.0653240755200386, 0.061799999326467514, 0.053686730563640594, 0.06133487820625305, 0.06782663613557816, 0.059221215546131134, 0.07320714741945267, 0.06843122094869614, 0.06893225759267807, 0.05745140463113785, 0.05541101098060608, 0.05375714600086212, 0.05447036400437355, 0.06245335936546326, 0.05439097061753273, 0.049522750079631805, 0.054224126040935516, 0.05544116720557213, 0.06509611755609512, 0.060683105140924454, 0.058048442006111145, 0.05154728144407272, 0.06012481823563576, 0.05411605164408684, 0.05772603303194046, 0.06799732148647308, 0.04898335784673691, 0.05623509734869003, 0.05827156454324722, 0.05804869160056114, 0.05118396878242493, 0.05110899358987808, 0.052688971161842346, 0.051687125116586685, 0.05845942348241806, 0.05759745463728905, 0.04863426089286804, 0.054327696561813354, 0.04946940019726753, 0.050894420593976974, 0.05906488001346588, 0.05888288840651512, 0.054979197680950165, 0.06191734969615936, 0.06123257055878639, 0.05702345445752144, 0.05288263410329819, 0.05008762702345848], "val_sparse_categorical_accuracy": [0.9262499809265137, 0.9360833168029785, 0.9624166488647461, 0.9707499742507935, 0.9558333158493042, 0.9695833325386047, 0.9628333449363708, 0.9742500185966492, 0.9730833172798157, 0.9745833277702332, 0.9797499775886536, 0.9769999980926514, 0.9784166812896729, 0.981083333492279, 0.9806666374206543, 0.9786666631698608, 0.9819166660308838, 0.9818333387374878, 0.9792500138282776, 0.9807500243186951, 0.981166660785675, 0.981416642665863, 0.981416642665863, 0.981416642665863, 0.9848333597183228, 0.9825833439826965, 0.981083333492279, 0.9819999933242798, 0.9793333411216736, 0.9803333282470703, 0.9821666479110718, 0.9836666584014893, 0.9848333597183228, 0.984416663646698, 0.984749972820282, 0.981416642665863, 0.984666645526886, 0.9860000014305115, 0.9854999780654907, 0.984083354473114, 0.9829999804496765, 0.9836666584014893, 0.9850833415985107, 0.9855833053588867, 0.984416663646698, 0.9851666688919067, 0.9857500195503235, 0.9835000038146973, 0.9861666560173035, 0.9850833415985107, 0.9854999780654907, 0.9835833311080933, 0.9869166612625122, 0.9852499961853027, 0.9860000014305115, 0.9872499704360962, 0.9854166507720947, 0.9848333597183228, 0.9865833520889282, 0.9851666688919067, 0.9879999756813049, 0.9877499938011169, 0.9849166870117188, 0.984499990940094, 0.9862499833106995, 0.9838333129882812, 0.984250009059906, 0.984416663646698, 0.9859166741371155, 0.9877499938011169]}